state,avg_cost,avg_outcome,total_cases,cost_per_outcome,se_outcome,lo_outcome,hi_outcome
ACT,16115.66453010893,0.8725969845554854,1500,18468.622760962786,0.00232379000772445,0.8680423561403455,0.8771516129706253
NSW,15675.807388695237,0.8515619199672899,1500,18408.300114332702,0.00232379000772445,0.84700729155215,0.8561165483824298
NT,14293.041747589168,0.8056440826027449,1500,17741.13663370246,0.00232379000772445,0.801089454187605,0.8101987110178848
QLD,14800.478675409971,0.832610645873633,1500,17775.990192727215,0.00232379000772445,0.8280560174584931,0.8371652742887729
SA,14936.890811428624,0.8417672048516522,1500,17744.68133866181,0.00232379000772445,0.8372125764365124,0.8463218332667921
TAS,14463.878080104816,0.8271224086541143,1500,17486.98612051909,0.00232379000772445,0.8225677802389745,0.8316770370692542
VIC,15071.828966913703,0.8556041690380506,1500,17615.422542714874,0.00232379000772445,0.8510495406229107,0.8601587974531905
WA,15405.531665922885,0.8398565408950687,1500,18343.051361491565,0.00232379000772445,0.8353019124799288,0.8444111693102085
