state,avg_cost,avg_outcome,cost_per_outcome,total_cases
TAS,14463.878080104816,0.8271224086541143,17486.98612051909,1500
VIC,15071.828966913703,0.8556041690380506,17615.422542714874,1500
NT,14293.041747589168,0.8056440826027449,17741.13663370246,1500
SA,14936.890811428624,0.8417672048516522,17744.68133866181,1500
QLD,14800.478675409971,0.832610645873633,17775.990192727215,1500
WA,15405.531665922885,0.8398565408950687,18343.051361491565,1500
NSW,15675.807388695237,0.8515619199672899,18408.300114332702,1500
ACT,16115.66453010893,0.8725969845554854,18468.622760962786,1500
